category_big,category_mid,category_small,category_detail,subject
専門教育科目,専門教育科目,学科基礎科目,,プログラミング基礎演習I
専門教育科目,専門教育科目,学科基礎科目,,情報数学I
専門教育科目,専門教育科目,学科基礎科目,,データ構造とアルゴリズムI
専門教育科目,専門教育科目,学科基礎科目,,プログラミング基礎演習II
専門教育科目,専門教育科目,学科基礎科目,,データ構造とアルゴリズムII
専門教育科目,専門教育科目,学科基礎科目,,形式言語とオートマトン
専門教育科目,専門教育科目,学科基礎科目,,離散数学
専門教育科目,専門教育科目,学科基礎科目,,計算機システム
専門教育科目,専門教育科目,学科基礎科目,,微分積分・線形代数演習
専門教育科目,専門教育科目,学科基礎科目,,データ構造とアルゴリズム演習
専門教育科目,専門教育科目,学科基礎科目,,情報数学II
専門教育科目,専門教育科目,領域導入科目,,情報科学概論1
専門教育科目,専門教育科目,領域導入科目,,情報科学概論2
専門教育科目,専門教育科目,領域導入科目,,情報科学概論3
専門教育科目,専門教育科目,学科専門科目,基礎理論系科目,人工知能
専門教育科目,専門教育科目,学科専門科目,基礎理論系科目,実践数値計算
専門教育科目,専門教育科目,学科専門科目,基礎理論系科目,言語処理系
専門教育科目,専門教育科目,学科専門科目,基礎理論系科目,情報論理学
専門教育科目,専門教育科目,学科専門科目,基礎理論系科目,オブジェクト指向型言語
専門教育科目,専門教育科目,学科専門科目,基礎理論系科目,計算理論
専門教育科目,専門教育科目,学科専門科目,基礎理論系科目,情報セキュリティ
専門教育科目,専門教育科目,学科専門科目,基礎理論系科目,機械学習
専門教育科目,専門教育科目,学科専門科目,基礎理論系科目,情報理論
専門教育科目,専門教育科目,学科専門科目,基礎理論系科目,情報科学応用数学
専門教育科目,専門教育科目,学科専門科目,基礎理論系科目,確率モデリング
専門教育科目,専門教育科目,学科専门科目,基礎理論系科室,プログラミング言語論
専門教育科目,専門教育科目,学科専門科目,基礎理論系科目,アルゴリズム解析
専門教育科目,専門教育科目,学科専門科目,基礎理論系科目,暗号理論
専門教育科目,専門教育科目,学科専門科目,基礎理論系科目,符号理論
専門教育科目,専門教育科目,学科専門科目,アーキテクチャ系科目,ソフトウェア構成論
専門教育科目,専門教育科目,学科専門科目,アーキテクチャ系科目,コンピュータネットワーク
専門教育科目,専門教育科目,学科専門科目,アーキテクチャ系科目,ソフトウェア設計論
専門教育科目,専門教育科目,学科専門科目,アーキテクチャ系科目,コンピュータアーキテクチャ基礎論
専門教育科目,専門教育科目,学科専門科目,アーキテクチャ系科目,オペレーティングシステム
専門教育科目,専門教育科目,学科専門科目,アーキテクチャ系科目,インターネット
専門教育科目,専門教育科目,学科専門科目,アーキテクチャ系科目,ソフトウェア工学
専門教育科目,専門教育科目,学科専門科目,アーキテクチャ系科目,並列処理
専門教育科目,専門教育科目,学科専門科目,アーキテクチャ系科目,現代計算機アーキテクチャ
専門教育科目,専門教育科目,学科専門科目,アーキテクチャ系科目,無線ネットワーク
専門教育科目,専門教育科目,学科専門科目,アーキテクチャ系科目,VLSI設計
専門教育科目,専門教育科目,学科専門科目,アーキテクチャ系科目,分散処理
専門教育科目,専門教育科目,学科専門科目,コンテンツ系科目,データベース
専門教育科目,専門教育科目,学科専門科目,コンテンツ系科目,信号処理
専門教育科目,専門教育科目,学科専門科目,コンテンツ系科目,UsabilityEngineering
専門教育科目,専門教育科目,学科専門科目,コンテンツ系科目,画像処理
専門教育科目,専門教育科目,学科専門科目,コンテンツ系科目,HCI
専門教育科目,専門教育科目,学科専門科目,コンテンツ系科目,ネットワークダイナミクス
専門教育科目,専門教育科目,学科専門科目,コンテンツ系科目,知的エージェント
専門教育科目,専門教育科目,学科専門科目,コンテンツ系科目,パターン認識
専門教育科目,専門教育科目,学科専門科目,コンテンツ系科目,データマイニング
専門教育科目,専門教育科目,学科専門科目,コンテンツ系科目,音響・音声信号処理
専門教育科目,専門教育科目,学科専門科目,コンテンツ系科目,感性工学
専門教育科目,専門教育科目,学科専門科目,コンテンツ系科目,バーチャルリアリティ
専門教育科目,専門教育科目,学科専門科目,コンテンツ系科目,コンピュータグラフィクス
専門教育科目,専門教育科目,学科専門科目,コンテンツ系科目,ネットワーク科学
専門教育科目,専門教育科目,学科専門科目,コンテンツ系科目,自然言語処理
専門教育科目,専門教育科目,学科専門科目,実験科目,システムプログラミング実験
専門教育科目,専門教育科目,実験科目,,応用プログラミング実験
専門教育科目,専門教育科目,ゼミナール,,情報科学ゼミナール
専門教育科目,専門教育科目,特別研究,,情報科学特別研究1
専門教育科目,専門教育科目,特別研究,,情報科学特別研究2
専門教育科目,専門教育科目,学部共通科目,,情報と職業
専門教育科目,専門教育科目,学部共通科目,,科学技術英語第一
専門教育科目,専門教育科目,学部共通科目,,科学技術英語第二
専門教育科目,専門教育科目,学部共通科目,,システムデザイン論
専門教育科目,専門教育科目,学部共通科目,,工学倫理
専門教育科目,専門教育科目,学部共通科目,,経営工学概論
専門教育科目,専門教育科目,学部共通科目,,産業と法規
専門教育科目,専門教育科目,学部共通科目,,インターンシップ
基礎科目,理系共通基礎科目,,,微分積分I
基礎科目,理系共通基礎科目,,,線形代数I
基礎科目,理系共通基礎科目,,,微分積分II
基礎科目,理系共通基礎科目,,,線形代数II
基礎科目,理系共通基礎科目,,,解析入門I
基礎科目,理系共通基礎科目,,,解析入門II
基礎科目,理系共通基礎科目,,,離散数学入門
基礎科目,理系共通基礎科目,,,確率統計
基礎科目,理系共通基礎科目,,,応用数理概論I